,Name,Album,Artist,url
0, 2_Chainz_Wiz_Khalifa_We_Own_It_Ringtone.mp3,Leave The Door Open,Bruno Mars,2_Chainz_Wiz_Khalifa_We_Own_It_Ringtone.mp3
1, Aaliyah_I_Dont_Wanna_Ringtone.mp3,Dynamite (DayTime Version),BTS,Aaliyah_I_Dont_Wanna_Ringtone.mp3
2, AllYouNeedIsLove.mp3,Future Nostalgia,Dua Lipa,AllYouNeedIsLove.mp3
3,  Anuel_Aa_Daddy_Yankee_Karol_G_Feat_Ozuna_J_Balvin_China_Ringtone.mp3,Kiss Me More (feat. SZA),Doja Cat,Anuel_Aa_Daddy_Yankee_Karol_G_Feat_Ozuna_J_Balvin_China_Ringtone.mp3
4,  BlisterInTheSun.mp3,รท (Deluxe),Ed Sheeran,BlisterInTheSun.mp3
5,  Cant Stop the Feeling!.mp3,GIRL LIKE ME,Black Eyed Peas, Cant Stop the Feeling!.mp3
6, Lamont_Dozier_Fish_Aint_Bitin_Ringtone.mp3,We Need Love (Cabu Remix),Cabu,Lamont_Dozier_Fish_Aint_Bitin_Ringtone.mp3
7, WalkingOnSunshine.mp3,Dance Monkey,Tones And I,WalkingOnSunshine.mp3
8,  Tyga_This_Is_Like_Ringtone.mp3,Uptown Special,Mark Ronson,Tyga_This_Is_Like_Ringtone.mp3
9, Shout.mp3,V (Deluxe),Maroon 5,Shout.mp3
10,  ShinyHappyPeople.mp3,Girls Like You (feat. Cardi B),Maroon 5,ShinyHappyPeople.mp3
11,  LetsGoCrazy.mp3,Ice Cream (with Selena Gomez),BLACKPINK, LetsGoCrazy.mp3
12, Iron_Wine_Flightless_Bird_American_Mouth_Wedding_Version_Ringtone.mp3,Useless,Two Friends,Iron_Wine_Flightless_Bird_American_Mouth_Wedding_Version_Ringtone.mp3
13, HereComesTheSun.mp3,PRISM (Deluxe),Katy Perry,HereComesTheSun.mp3